"Average population by province, sex and residence by Cities, provincies, Average population and Year"

"Cities, provincies","Total 1995","Total 1996","Total 1997","Total 1998","Total 1999","Total 2000","Total 2001","Total 2002","Total 2003","Total 2004","Total 2005","Total 2006","Total 2007","Total 2008","Total 2009","Total 2010","Total 2011","Total 2012","Total 2013","Total 2014","Total 2015","Total 2016","Total 2017","Total 2018","Total 2019","Total Prel. 2020","Urban 1995","Urban 1996","Urban 1997","Urban 1998","Urban 1999","Urban 2000","Urban 2001","Urban 2002","Urban 2003","Urban 2004","Urban 2005","Urban 2006","Urban 2007","Urban 2008","Urban 2009","Urban 2010","Urban 2011","Urban 2012","Urban 2013","Urban 2014","Urban 2015","Urban 2016","Urban 2017","Urban 2018","Urban 2019","Urban Prel. 2020","Rural 1995","Rural 1996","Rural 1997","Rural 1998","Rural 1999","Rural 2000","Rural 2001","Rural 2002","Rural 2003","Rural 2004","Rural 2005","Rural 2006","Rural 2007","Rural 2008","Rural 2009","Rural 2010","Rural 2011","Rural 2012","Rural 2013","Rural 2014","Rural 2015","Rural 2016","Rural 2017","Rural 2018","Rural 2019","Rural Prel. 2020"
" WHOLE COUNTRY",71995.50,73156.70,74306.90,75456.30,76596.70,77630.90,78620.50,79537.70,80467.40,81436.40,82392.10,83311.20,84218.50,85118.70,86025.00,87067.27,88145.83,89202.89,90191.42,91203.76,92228.60,93250.70,94286.00,95385.20,96484.00,97582.69,14938.10,15419.90,16835.40,17464.60,18081.60,18725.40,19299.10,19873.20,20725.00,21601.20,22332.00,23045.80,23746.30,24673.10,25584.70,26460.52,27678.62,28274.89,28865.08,30272.69,30881.90,31397.00,31928.30,32636.90,33816.60,35932.66,57057.40,57736.80,57471.50,57991.70,58515.10,58905.50,59321.40,59664.50,59742.40,59835.20,60060.10,60265.40,60472.20,60445.60,60440.30,60606.75,60467.21,60928.00,61326.34,60931.08,61346.70,61853.70,62357.70,62748.30,62667.40,61650.03
"Red River Delta",17078.40,17289.80,17494.80,17692.90,17877.80,18060.70,18249.90,18432.90,18617.50,18807.90,18976.70,19108.90,19228.80,19473.70,19618.10,19897.81,20216.81,20525.36,20785.63,21080.59,21368.40,21669.20,21968.60,22290.70,22620.20,22920.18,3093.20,3229.70,3536.00,3690.10,3800.40,3923.80,4048.40,4224.90,4428.10,4764.90,4917.00,5041.60,5206.60,5584.40,5752.40,6022.08,6164.16,6310.29,6467.57,7117.52,7254.20,7411.70,7569.20,7773.50,8130.30,8512.12,13985.20,14060.10,13958.80,14002.80,14077.40,14136.90,14201.50,14208.00,14189.40,14043.00,14059.70,14067.30,14022.20,13889.30,13865.70,13875.73,14052.65,14215.07,14318.07,13963.07,14114.10,14257.50,14399.40,14517.30,14489.90,14408.07
"Ha Noi",2431.00,2492.90,2556.00,2621.50,2685.00,2767.70,2852.90,2928.30,3000.30,3071.40,3133.40,3184.80,3228.50,6381.80,6472.00,6639.09,6825.82,6991.43,7128.39,7285.53,7433.60,7590.80,7742.20,7914.50,8093.90,8246.54,1274.90,1343.10,1455.80,1496.40,1552.10,1603.00,1650.00,1719.50,1830.20,1992.30,2046.10,2077.50,2106.50,2596.20,2652.80,2825.52,2900.37,2972.61,3024.64,3583.51,3650.50,3733.00,3810.00,3904.80,4000.30,4061.06,1156.10,1149.80,1100.20,1125.10,1132.90,1164.70,1202.90,1208.80,1170.10,1079.10,1087.30,1107.30,1122.00,3785.60,3819.20,3813.57,3925.45,4018.82,4103.75,3702.03,3783.10,3857.70,3932.20,4009.60,4093.60,4185.48
"Ha Tay",2299.00,2328.00,2353.00,2373.60,2391.70,2430.20,2475.50,2527.00,2587.30,2649.10,2702.90,2742.40,2773.70,..,..,..,..,..,..,..,..,..,..,..,..,..,162.40,169.80,179.00,184.50,192.50,194.50,203.70,211.20,216.80,270.10,278.60,285.70,291.50,..,..,..,..,..,..,..,..,..,..,..,..,..,2136.60,2158.20,2174.00,2189.10,2199.20,2235.70,2271.80,2315.80,2370.50,2379.00,2424.30,2456.70,2482.20,..,..,..,..,..,..,..,..,..,..,..,..,..
"Vinh Phuc",1048.20,1061.90,1075.80,1085.70,1094.30,1104.10,1114.10,1124.30,1134.10,1145.20,1157.00,1166.00,1174.10,993.80,1000.40,1014.83,1029.50,1047.39,1061.50,1076.82,1090.40,1106.10,1123.10,1138.40,1154.80,1171.23,79.50,83.80,101.90,106.50,112.50,119.70,121.90,124.60,137.60,160.80,166.70,171.40,206.50,222.90,224.60,232.87,236.95,244.56,251.44,251.06,254.20,257.90,261.70,285.20,295.20,350.98,968.70,978.10,973.90,979.20,981.80,984.40,992.20,999.70,996.50,984.40,990.30,994.60,967.60,770.90,775.80,781.96,792.56,802.84,810.06,825.77,836.10,848.30,861.40,853.20,859.60,820.25
"Bac Ninh",916.00,925.30,931.70,937.60,943.00,950.60,958.90,967.60,975.30,983.20,991.10,999.80,1009.40,1018.10,1026.50,1045.92,1072.38,1104.69,1139.89,1177.06,1218.50,1257.90,1297.80,1337.30,1378.60,1419.13,41.30,46.60,58.50,88.00,88.90,96.40,106.80,118.40,131.10,145.10,160.70,178.10,197.40,218.80,241.50,272.68,279.35,286.35,293.70,327.28,336.10,345.50,355.30,365.60,380.90,446.57,874.70,878.70,873.20,849.60,854.10,854.20,852.10,849.20,844.20,838.10,830.40,821.70,812.00,799.30,785.00,773.24,793.03,818.34,846.19,849.78,882.40,912.40,942.50,971.70,997.70,972.56
"Quang Ninh",941.70,958.00,974.40,991.40,1007.20,1024.20,1039.30,1054.40,1068.40,1081.80,1096.10,1109.30,1122.50,1135.10,1146.10,1163.95,1181.53,1198.39,1209.58,1227.67,1241.60,1261.20,1285.20,1303.90,1324.80,1337.61,404.10,411.50,426.80,434.40,446.00,473.00,484.60,496.30,507.70,519.00,530.90,542.50,554.20,565.80,594.30,616.87,639.93,663.31,684.20,709.67,733.50,761.50,792.90,822.10,853.70,861.88,537.60,546.50,547.60,557.00,561.20,551.20,554.70,558.10,560.70,562.80,565.20,566.80,568.30,569.30,551.80,547.08,541.60,535.08,525.39,518.00,508.10,499.80,492.30,481.80,471.20,475.72
"Hai Duong",1609.10,1619.50,1630.50,1641.30,1651.00,1656.90,1662.70,1668.10,1673.70,1680.40,1685.50,1689.70,1694.70,1700.80,1706.80,1722.77,1747.83,1767.83,1779.67,1795.79,1812.80,1832.80,1850.60,1877.70,1896.90,1916.77,133.20,146.40,182.80,224.70,229.30,229.80,230.90,231.60,235.20,259.70,266.40,268.10,278.90,315.40,323.70,336.46,351.49,366.07,379.46,394.26,409.80,426.60,443.60,463.40,594.20,617.50,1475.90,1473.10,1447.70,1416.60,1421.70,1427.10,1431.80,1436.50,1438.50,1420.70,1419.10,1421.60,1415.80,1385.40,1383.10,1386.30,1396.34,1401.76,1400.22,1401.53,1403.00,1406.20,1407.00,1414.30,1302.70,1299.27
"Hai Phong",1608.20,1625.00,1641.90,1659.50,1676.70,1691.50,1708.60,1725.30,1741.00,1757.80,1773.40,1789.10,1806.50,1824.10,1840.40,1862.85,1886.20,1912.94,1932.17,1950.71,1969.50,1985.30,2001.40,2016.40,2033.30,2053.49,524.40,532.20,550.20,558.10,571.80,594.00,618.40,643.60,669.40,696.60,724.40,753.30,784.00,815.90,848.50,857.87,867.64,878.95,886.79,894.29,901.90,908.10,914.40,920.30,926.90,932.55,1083.80,1092.80,1091.70,1101.40,1104.90,1097.50,1090.20,1081.70,1071.60,1061.20,1049.00,1035.80,1022.50,1008.20,991.90,1004.98,1018.55,1033.98,1045.38,1056.42,1067.60,1077.20,1087.00,1096.20,1106.40,1120.95
"Hung Yen",1033.20,1042.60,1052.20,1061.70,1071.40,1079.00,1086.00,1091.50,1097.00,1104.30,1111.00,1116.40,1121.30,1126.20,1128.60,1139.42,1150.74,1162.91,1175.52,1188.65,1202.00,1215.50,1228.80,1242.40,1255.80,1269.09,23.50,41.00,78.80,90.40,93.40,103.60,107.10,110.70,114.30,118.20,122.20,126.20,130.20,134.40,136.30,137.75,139.27,140.90,142.65,144.48,146.10,147.90,149.50,151.50,207.30,209.73,1009.70,1001.60,973.40,971.30,978.00,975.40,978.90,980.80,982.70,986.10,988.80,990.20,991.10,991.80,992.30,1001.67,1011.47,1022.01,1032.87,1044.17,1055.90,1067.60,1079.30,1090.90,1048.50,1059.36
"Thai Binh",1752.30,1761.00,1769.50,1778.50,1788.10,1789.40,1790.30,1790.90,1790.90,1791.20,1790.50,1787.40,1783.90,1782.70,1783.10,1790.88,1798.66,1806.48,1815.04,1822.43,1830.30,1838.10,1846.10,1854.10,1862.20,1870.24,96.30,97.50,100.40,101.60,103.80,103.50,103.80,132.50,133.30,134.10,135.00,135.70,136.60,174.40,173.30,175.52,177.79,180.09,182.42,184.78,187.20,189.60,192.00,194.50,197.00,219.46,1656.00,1663.50,1669.10,1676.90,1684.30,1685.90,1686.50,1658.40,1657.60,1657.10,1655.50,1651.70,1647.30,1608.30,1609.80,1615.36,1620.88,1626.40,1632.62,1637.65,1643.20,1648.50,1654.10,1659.60,1665.20,1650.78
"Ha Nam",763.70,771.60,779.40,786.60,792.50,793.80,793.20,792.80,792.30,791.90,791.30,790.00,788.40,786.90,786.20,791.40,795.65,800.81,807.44,815.07,824.30,832.20,839.80,847.10,854.50,861.83,56.00,57.60,60.90,62.30,62.60,49.70,52.20,54.80,57.60,60.50,63.60,66.80,70.00,73.50,74.90,82.70,84.30,86.26,127.25,129.76,133.00,135.60,138.20,140.80,143.30,239.68,707.70,714.00,718.50,724.30,729.90,744.10,741.00,738.00,734.70,731.40,727.70,723.20,718.40,713.40,711.30,708.70,711.34,714.55,680.19,685.31,691.20,696.60,701.50,706.40,711.20,622.15
"Nam Dinh",1820.50,1838.00,1856.20,1874.40,1891.90,1886.50,1879.70,1872.80,1866.30,1859.40,1851.00,1839.40,1829.70,1826.10,1828.40,1822.35,1816.81,1811.50,1806.41,1801.54,1796.90,1792.50,1788.20,1784.20,1780.90,1780.33,220.30,221.80,229.90,231.30,235.10,240.10,248.20,256.50,265.20,274.10,283.10,291.90,301.20,311.90,321.60,320.74,320.01,319.32,318.68,318.08,317.50,317.00,316.50,324.10,323.70,360.12,1600.20,1616.20,1626.30,1643.10,1656.80,1646.40,1631.50,1616.30,1601.10,1585.30,1567.90,1547.50,1528.50,1514.20,1506.80,1501.61,1496.80,1492.18,1487.73,1483.46,1479.40,1475.40,1471.70,1460.20,1457.10,1420.21
"Ninh Binh",855.50,866.00,874.20,881.10,885.00,886.80,888.70,889.90,890.90,892.20,893.50,894.60,896.10,898.10,899.60,904.36,911.69,920.99,930.03,939.31,948.50,956.80,965.40,974.70,984.50,993.92,77.30,78.40,111.00,111.90,112.40,116.50,120.80,125.20,129.70,134.40,139.30,144.40,149.60,155.20,160.90,163.10,167.06,171.87,176.35,180.35,184.40,189.00,195.10,201.20,207.80,212.59,778.20,787.60,763.20,769.20,772.60,770.30,767.90,764.70,761.20,757.80,754.20,750.20,746.50,742.90,738.70,741.26,744.63,749.11,753.68,758.96,764.10,767.80,770.40,773.40,776.70,781.33
"Northern midlands and mountain areas",9522.90,9679.70,9820.80,9951.20,10085.30,10204.40,10321.80,10440.00,10559.50,10681.00,10798.70,10904.30,11004.20,10997.30,11073.50,11188.95,11311.41,11441.84,11574.49,11739.21,11907.00,12061.10,12230.80,12404.90,12569.30,12725.78,1201.70,1227.40,1325.30,1362.60,1379.00,1430.40,1463.80,1499.90,1559.60,1602.70,1649.10,1687.90,1721.10,1751.10,1770.40,1850.86,1917.65,1952.53,2000.02,2053.99,2122.30,2155.20,2193.30,2233.60,2284.30,2559.23,8321.20,8452.30,8495.50,8588.60,8706.30,8774.00,8858.00,8940.10,8999.90,9078.30,9149.60,9216.40,9283.10,9246.20,9303.10,9338.09,9393.76,9489.31,9574.47,9685.22,9784.70,9905.90,10037.40,10171.30,10285.00,10166.54
"Ha Giang",550.30,564.20,577.70,590.40,605.90,619.20,631.60,643.90,656.20,669.00,681.70,693.40,704.90,716.20,725.10,737.77,749.54,763.50,778.96,792.47,806.70,820.40,833.70,846.50,858.10,870.24,48.50,49.90,52.20,53.20,51.80,66.30,68.50,70.80,73.00,75.40,77.80,80.10,82.50,84.90,91.60,105.19,112.66,114.94,116.88,118.77,120.90,123.00,125.20,127.60,137.20,137.89,501.80,514.30,525.50,537.20,554.10,552.90,563.10,573.10,583.20,593.60,603.90,613.30,622.40,631.30,633.50,632.58,636.88,648.57,662.08,673.70,685.80,697.40,708.50,718.90,720.90,732.35
"Cao Bang",489.20,489.40,490.00,490.50,492.10,493.90,496.20,498.70,500.80,502.80,504.90,506.80,508.60,510.50,511.20,512.54,514.02,515.88,517.85,519.87,522.00,524.20,526.40,528.70,530.90,533.09,50.70,51.20,52.80,53.30,54.00,66.90,67.40,68.10,68.60,68.90,74.20,79.50,79.90,87.60,86.40,98.58,99.46,104.22,105.29,106.34,108.60,111.50,115.50,119.90,124.50,126.03,438.50,438.20,437.20,437.20,438.10,427.00,428.80,430.60,432.20,433.90,430.70,427.30,428.70,422.90,424.80,413.96,414.56,411.66,412.56,413.53,413.30,412.80,410.90,408.80,406.30,407.05
"Bac Kan",254.20,259.60,265.20,270.90,276.40,278.40,280.50,282.50,284.40,286.50,288.40,290.00,291.80,293.60,294.60,296.62,298.69,300.80,301.73,302.94,305.60,307.70,309.90,312.00,314.40,316.46,33.50,34.90,37.00,38.40,40.30,39.90,40.80,41.60,42.50,43.40,44.20,45.10,46.00,46.90,47.30,48.90,50.55,52.26,53.82,55.48,57.50,59.40,61.40,63.50,65.60,70.46,220.70,224.70,228.20,232.50,236.10,238.50,239.70,240.90,241.90,243.10,244.20,244.90,245.80,246.70,247.30,247.72,248.14,248.54,247.91,247.47,248.20,248.30,248.50,248.60,248.70,246.01
"Tuyen Quang",638.80,648.90,659.00,668.00,677.30,684.10,690.20,696.30,701.90,707.50,712.10,715.70,719.40,723.50,725.20,729.75,733.60,738.53,743.37,749.59,756.20,763.40,770.50,778.30,786.30,792.90,67.40,69.50,71.90,73.30,60.70,64.40,67.30,70.30,73.40,76.60,79.80,83.10,86.50,90.10,94.30,95.45,96.54,97.78,99.03,100.47,102.00,103.60,105.20,106.90,108.60,109.56,571.40,579.40,587.10,594.70,616.60,619.70,622.90,626.00,628.50,630.90,632.30,632.60,632.90,633.40,630.90,634.30,637.06,640.75,644.34,649.12,654.20,659.80,665.30,671.50,677.60,683.33
"Lao Cai",550.10,562.80,574.50,585.90,598.50,607.40,616.60,625.70,634.20,573.90,581.40,590.20,598.30,606.50,615.80,626.92,638.15,649.51,661.00,672.64,684.50,696.50,708.60,720.80,733.30,746.36,94.20,97.60,101.50,102.00,103.70,103.20,105.10,106.90,108.70,112.20,119.90,123.00,125.90,129.10,130.40,133.35,143.58,146.72,150.64,153.90,157.20,159.80,162.00,167.00,171.50,176.97,455.90,465.20,473.00,483.90,494.80,504.20,511.50,518.80,525.50,461.70,461.50,467.20,472.40,477.40,485.40,493.58,494.56,502.78,510.36,518.74,527.20,536.60,546.60,553.80,561.80,569.39
"Yen Bai",647.70,655.90,664.50,673.10,682.10,688.00,694.10,700.10,706.80,713.50,719.50,725.40,731.60,737.50,741.70,751.29,758.65,765.69,774.58,783.53,793.10,800.30,807.30,814.60,823.00,831.59,123.40,123.90,126.70,132.00,133.80,135.00,136.00,137.20,138.60,140.60,141.50,142.60,143.20,143.50,144.20,142.76,144.38,146.05,147.77,156.04,158.00,159.20,160.50,161.90,163.30,169.27,524.30,532.00,537.80,541.10,548.30,553.00,558.10,562.90,568.20,572.90,578.00,582.80,588.40,594.00,597.50,608.53,614.26,619.64,626.82,627.50,635.10,641.10,646.80,652.70,659.80,662.32
"Thai  Nguyen",1005.00,1020.60,1029.60,1038.50,1047.80,1055.50,1063.60,1071.00,1079.50,1089.00,1098.50,1106.50,1113.00,1120.30,1125.40,1131.28,1139.44,1149.08,1155.99,1198.17,1230.80,1242.80,1256.10,1273.60,1290.90,1307.87,201.00,204.30,210.00,212.00,219.90,233.90,239.50,245.10,251.10,257.40,263.90,270.10,276.10,282.40,287.80,293.56,322.21,326.90,344.21,347.72,387.80,392.50,399.40,405.20,413.90,419.68,804.00,816.30,819.60,826.50,827.90,821.60,824.10,825.90,828.40,831.60,834.60,836.40,836.90,837.90,837.60,837.72,817.24,822.19,811.78,850.45,843.00,850.30,856.70,868.30,877.10,888.19
"Lang Son",679.20,689.20,694.70,700.20,705.90,707.90,710.50,713.20,716.70,720.50,724.10,726.30,728.20,730.70,733.20,736.29,740.91,745.13,748.94,752.59,757.80,763.40,768.70,775.90,782.80,788.71,115.30,122.30,125.40,128.10,133.50,130.80,132.00,133.10,134.50,135.90,137.20,138.30,139.40,140.60,140.60,142.14,143.97,145.74,147.45,149.15,151.20,153.30,155.40,157.80,160.30,181.72,563.90,566.90,569.30,572.10,572.40,577.10,578.50,580.10,582.20,584.60,586.90,588.00,588.80,590.10,592.60,594.16,596.94,599.39,601.49,603.45,606.60,610.10,613.30,618.00,622.50,606.99
"Bac Giang",1431.00,1451.40,1468.30,1477.40,1495.70,1502.70,1509.10,1515.80,1522.60,1530.30,1537.30,1543.00,1548.80,1554.60,1556.90,1569.14,1586.02,1607.77,1630.65,1646.86,1667.00,1696.90,1736.80,1777.50,1810.40,1841.62,82.00,83.30,96.10,108.70,111.60,124.30,127.00,129.70,132.50,135.40,138.40,141.20,144.20,147.20,146.00,150.13,154.81,160.10,165.66,186.08,189.10,193.10,198.20,202.90,207.40,333.98,1349.00,1368.10,1372.20,1368.70,1384.10,1378.40,1382.10,1386.10,1390.10,1394.90,1398.90,1401.80,1404.60,1407.40,1410.90,1419.02,1431.22,1447.67,1464.99,1460.78,1477.90,1503.80,1538.60,1574.60,1603.10,1507.65
"Phu Tho",1211.70,1224.80,1237.90,1250.80,1263.80,1270.10,1276.00,1281.40,1286.30,1291.70,1297.30,1301.50,1305.60,1311.50,1316.60,1322.65,1329.34,1340.81,1355.24,1373.67,1392.30,1409.00,1430.50,1449.60,1466.40,1481.88,117.20,119.60,173.50,175.80,179.90,180.60,183.70,186.80,189.90,193.20,196.40,199.60,202.70,206.20,208.50,239.40,240.86,242.83,248.04,252.57,255.70,258.50,262.00,265.40,269.40,281.83,1094.50,1105.20,1064.40,1075.00,1083.90,1089.50,1092.30,1094.60,1096.40,1098.50,1100.90,1101.90,1102.90,1105.30,1108.10,1083.26,1088.49,1097.98,1107.20,1121.11,1136.60,1150.50,1168.40,1184.20,1197.00,1200.06
"Dien Bien",..,..,..,..,..,..,..,..,..,423.30,438.50,452.70,466.00,479.30,490.80,501.75,512.80,523.88,534.97,546.06,557.10,568.30,579.40,590.50,601.70,613.48,..,..,..,..,..,..,..,..,..,68.30,70.60,72.50,74.20,74.50,73.50,74.70,75.88,77.09,78.35,79.64,81.00,82.30,83.70,85.10,86.60,88.13,..,..,..,..,..,..,..,..,..,355.00,367.90,380.20,391.80,404.80,417.30,427.05,436.92,446.79,456.61,466.42,476.20,486.00,495.70,505.40,515.10,525.35
"Lai Chau",535.50,549.50,562.80,576.70,593.60,616.80,638.70,661.60,684.70,351.30,356.70,360.70,364.40,367.90,371.40,381.20,392.88,402.95,414.55,421.46,427.90,436.30,444.50,453.40,462.60,469.81,62.90,63.50,65.30,71.20,72.80,75.00,79.00,83.00,107.00,45.60,46.70,47.60,48.50,49.40,53.30,55.89,57.60,59.08,60.78,61.79,62.70,64.00,65.20,66.50,67.80,82.22,472.60,486.00,497.50,505.50,520.80,541.80,559.70,578.60,577.70,305.70,310.00,313.10,315.90,318.50,318.10,325.32,335.28,343.88,353.78,359.67,365.20,372.40,379.30,386.90,394.80,387.59
"Son La",811.70,833.40,855.00,877.00,886.50,909.90,931.40,953.00,974.50,994.60,1014.50,1033.50,1050.80,1067.20,1079.20,1097.52,1115.21,1129.87,1143.91,1159.74,1177.40,1194.90,1213.40,1233.10,1252.70,1270.56,102.70,104.60,108.40,110.30,111.80,103.30,108.20,113.20,118.40,123.60,128.90,134.30,139.70,145.10,148.70,151.28,153.79,155.90,157.92,160.19,162.70,165.20,167.90,170.70,173.50,176.10,709.00,728.80,746.60,766.70,774.70,806.60,823.20,839.80,856.10,871.00,885.60,899.20,911.10,922.10,930.50,946.25,961.41,973.98,986.00,999.56,1014.70,1029.70,1045.60,1062.40,1079.20,1094.46
"Hoa Binh",718.50,730.00,741.60,751.80,759.70,770.50,783.30,796.80,810.90,827.10,843.80,858.60,872.80,778.00,786.40,794.22,802.18,808.43,812.75,819.62,828.60,837.00,845.00,850.40,855.80,861.22,102.90,102.80,104.50,104.30,105.20,106.80,109.30,114.10,121.40,126.20,129.60,130.90,132.30,123.60,117.80,119.57,121.37,122.93,124.20,125.88,127.90,129.80,131.70,133.20,134.70,205.41,615.60,627.20,637.10,647.50,654.50,663.70,674.00,682.70,689.50,700.90,714.20,727.70,740.50,654.40,668.60,674.65,680.81,685.50,688.55,693.74,700.70,707.10,713.20,717.20,721.10,655.81
"Northern Central area and Central coastal area",17201.20,17436.20,17674.00,17912.40,18134.50,18218.30,18305.40,18384.20,18459.60,18538.50,18608.60,18667.40,18729.10,18797.90,18855.70,18986.89,19116.29,19253.84,19391.97,19511.45,19653.70,19802.50,19949.00,20085.10,20220.40,20343.18,2837.30,2904.50,3113.00,3256.40,3361.50,3543.10,3642.80,3762.00,3878.20,3987.50,4094.60,4199.60,4309.70,4432.40,4555.20,4718.68,4857.04,4994.12,5106.11,5258.40,5404.70,5487.60,5567.80,5642.60,5745.00,6402.11,14363.90,14531.70,14561.00,14656.00,14773.00,14675.20,14662.60,14622.20,14581.40,14551.00,14514.00,14467.80,14419.40,14365.50,14300.50,14268.21,14259.25,14259.73,14285.85,14253.06,14249.00,14314.90,14381.20,14442.40,14475.40,13941.07
"Thanh Hoa",3337.70,3375.90,3414.10,3448.50,3474.50,3468.20,3464.00,3457.80,3449.80,3442.60,3436.40,3428.00,3417.30,3408.80,3404.30,3415.79,3427.59,3449.44,3484.77,3507.09,3537.00,3570.80,3603.70,3631.30,3645.80,3664.94,273.90,283.80,300.10,310.80,322.40,319.20,323.30,327.30,331.10,335.10,339.20,343.10,346.80,350.80,355.30,368.65,383.28,400.07,419.20,437.33,457.10,478.60,500.80,523.80,547.20,853.28,3063.80,3092.10,3114.00,3137.70,3152.10,3149.00,3140.70,3130.50,3118.70,3107.50,3097.20,3084.90,3070.50,3058.00,3049.00,3047.14,3044.31,3049.37,3065.58,3069.76,3079.90,3092.30,3102.90,3107.50,3098.60,2811.66
"Nghe An",2714.90,2752.80,2791.30,2829.40,2865.20,2871.10,2877.00,2881.60,2884.90,2890.00,2895.60,2900.10,2905.20,2912.10,2914.50,2954.73,2996.14,3035.99,3076.38,3116.33,3160.60,3203.10,3246.70,3291.40,3337.20,3365.20,263.20,267.60,278.00,281.70,292.40,296.10,303.40,310.80,318.30,326.10,334.10,342.20,350.60,359.50,375.10,379.88,398.78,408.16,455.11,460.40,465.10,471.80,478.40,483.90,490.50,521.61,2451.70,2485.20,2513.30,2547.70,2572.80,2575.00,2573.60,2570.80,2566.60,2563.90,2561.50,2557.90,2554.60,2552.60,2539.40,2574.84,2597.36,2627.83,2621.26,2655.94,2695.50,2731.30,2768.30,2807.50,2846.70,2843.59
"Ha Tinh",1247.70,1253.20,1258.60,1264.40,1271.10,1268.40,1265.10,1260.80,1256.30,1252.20,1247.80,1243.60,1239.00,1234.00,1227.80,1232.66,1236.71,1242.09,1247.56,1255.25,1261.30,1266.70,1274.20,1280.50,1290.30,1296.62,87.30,89.60,93.50,110.20,113.80,124.40,130.00,135.80,141.80,148.10,154.70,161.50,168.60,176.00,183.50,189.33,195.25,201.57,208.11,215.23,222.30,229.50,237.30,245.10,253.90,287.77,1160.40,1163.60,1165.10,1154.20,1157.30,1144.00,1135.10,1125.00,1114.50,1104.10,1093.10,1082.10,1070.40,1058.00,1044.30,1043.33,1041.46,1040.52,1039.45,1040.02,1039.00,1037.20,1037.00,1035.40,1036.40,1008.86
"Quang Binh",746.10,758.20,771.00,783.90,795.80,802.10,808.10,814.80,819.80,825.00,830.30,834.50,838.50,843.50,845.00,849.46,854.57,859.79,865.02,870.49,875.60,880.60,885.70,891.10,896.60,901.98,69.90,73.40,78.50,82.30,87.10,90.60,95.50,100.00,105.50,110.30,115.00,118.70,122.00,125.30,127.60,129.46,131.43,133.22,135.08,173.92,176.60,179.60,182.30,185.20,188.20,207.11,676.20,684.80,692.50,701.60,708.70,711.50,712.60,714.80,714.30,714.70,715.30,715.80,716.50,718.20,717.40,720.00,723.15,726.57,729.94,696.57,699.00,701.00,703.40,706.00,708.40,694.87
"Quang Tri",534.90,544.80,555.00,565.40,574.90,577.60,580.80,583.90,586.30,588.60,590.30,591.90,594.10,596.70,598.60,601.57,604.72,607.77,611.00,614.37,617.90,621.60,625.40,629.70,633.40,637.26,100.30,107.80,118.00,126.70,137.30,137.30,140.40,143.50,146.50,149.50,152.50,155.50,158.70,162.00,167.60,170.16,172.81,175.45,178.19,181.01,183.90,186.90,190.00,193.20,196.40,199.84,434.60,437.00,437.00,438.70,437.60,440.30,440.40,440.40,439.80,439.10,437.80,436.40,435.40,434.70,431.00,431.40,431.91,432.32,432.81,433.36,434.00,434.70,435.40,436.50,437.10,437.43
"Thua Thien-Hue",999.30,1011.20,1023.10,1035.60,1049.10,1052.10,1056.30,1060.10,1064.20,1068.60,1072.90,1076.90,1081.00,1084.90,1087.60,1092.94,1100.77,1105.78,1109.80,1111.58,1114.70,1118.00,1123.40,1125.40,1129.50,1133.71,259.80,262.30,282.00,284.40,290.00,314.70,322.60,330.60,338.90,347.50,356.30,365.10,374.20,383.50,391.20,471.82,522.21,534.09,536.70,540.01,542.00,543.90,548.30,548.10,563.40,562.32,739.50,748.90,741.10,751.20,759.10,737.40,733.70,729.50,725.30,721.10,716.60,711.80,706.80,701.40,696.40,621.12,578.57,571.69,573.10,571.58,572.70,574.10,575.00,577.40,566.10,571.39
"Da Nang",637.30,649.30,661.80,674.40,687.30,706.10,723.10,739.70,760.70,784.80,805.70,825.90,847.50,868.80,894.50,937.22,968.65,996.29,1017.33,1033.93,1056.30,1080.30,1097.80,1114.40,1141.10,1169.48,426.10,433.80,520.60,528.20,541.50,565.60,584.40,603.20,626.00,651.70,675.10,698.30,723.00,747.90,777.00,814.34,841.94,866.26,884.86,899.61,919.40,940.60,956.10,970.90,994.60,1020.44,211.20,215.50,141.20,146.20,145.80,140.50,138.70,136.50,134.70,133.10,130.60,127.60,124.50,120.90,117.50,122.88,126.71,130.03,132.47,134.33,136.90,139.70,141.60,143.40,146.50,149.04
"Quang  Nam",1322.00,1335.30,1348.10,1361.80,1375.80,1382.50,1388.80,1394.30,1398.60,1403.00,1407.40,1410.80,1413.90,1417.80,1423.00,1429.72,1436.83,1443.98,1451.37,1459.79,1468.20,1475.70,1483.30,1490.80,1497.50,1505.04,178.20,181.60,188.40,191.80,197.40,209.40,215.20,221.10,226.90,232.90,239.00,245.20,251.40,257.90,264.00,270.03,273.21,276.54,279.85,283.46,359.90,363.90,368.40,373.10,379.60,396.20,1143.80,1153.70,1159.70,1170.00,1178.40,1173.10,1173.60,1173.20,1171.70,1170.10,1168.40,1165.60,1162.50,1159.90,1159.00,1159.69,1163.62,1167.44,1171.52,1176.33,1108.30,1111.80,1114.90,1117.70,1117.80,1108.84
"Quang  Ngai",1149.00,1159.70,1170.40,1181.40,1191.90,1194.30,1197.80,1200.60,1203.20,1206.50,1210.00,1212.60,1214.80,1217.00,1217.20,1218.70,1220.12,1221.83,1223.05,1224.52,1226.20,1227.50,1228.90,1230.50,1231.90,1233.40,110.80,115.00,121.50,126.10,132.00,134.10,136.50,153.60,169.80,171.30,173.00,174.10,175.60,177.30,178.00,180.23,182.48,184.79,187.06,189.40,191.80,194.20,196.60,199.10,201.50,260.18,1038.20,1044.70,1048.90,1055.30,1059.90,1060.20,1061.30,1047.00,1033.40,1035.20,1037.00,1038.50,1039.20,1039.70,1039.20,1038.47,1037.64,1037.04,1035.99,1035.12,1034.40,1033.30,1032.40,1031.50,1030.40,973.21
"Binh Dinh",1394.40,1412.70,1431.30,1449.60,1465.20,1466.10,1468.40,1470.70,1473.10,1475.50,1477.80,1480.10,1482.30,1485.60,1487.40,1487.42,1487.46,1487.51,1487.55,1487.60,1487.60,1487.70,1487.70,1487.80,1487.80,1487.90,262.40,268.20,279.20,344.40,353.10,355.00,361.00,367.10,373.40,379.70,386.20,392.70,399.40,406.50,412.50,415.74,418.95,467.51,468.86,470.22,471.50,472.90,474.20,475.50,476.80,599.85,1132.00,1144.50,1152.10,1105.20,1112.10,1111.10,1107.40,1103.60,1099.70,1095.80,1091.60,1087.40,1082.90,1079.10,1074.90,1071.68,1068.51,1020.00,1018.69,1017.38,1016.10,1014.80,1013.50,1012.20,1011.00,888.05
"Phu Yen",740.30,752.30,764.40,777.10,790.50,799.60,808.40,816.80,824.80,832.00,838.20,844.30,850.30,856.70,862.40,863.15,863.96,864.87,865.28,865.67,866.20,868.20,870.00,871.50,873.20,874.30,135.30,137.90,143.20,145.90,150.20,151.90,156.00,160.10,164.20,168.30,172.20,176.20,180.20,184.50,198.80,199.38,199.83,200.20,200.39,247.98,248.20,249.30,249.90,250.50,251.00,285.90,605.00,614.40,621.20,631.20,640.30,647.70,652.40,656.70,660.60,663.70,666.00,668.10,670.10,672.20,663.60,663.77,664.14,664.67,664.89,617.69,618.00,618.80,620.20,621.00,622.20,588.39
"Khanh  Hoa",959.40,978.00,996.70,1016.20,1034.90,1049.60,1063.80,1077.20,1091.10,1104.00,1115.00,1125.20,1137.50,1149.30,1158.20,1161.95,1170.24,1177.60,1184.92,1192.15,1198.40,1207.20,1216.30,1224.50,1232.80,1240.44,345.70,351.00,362.90,368.20,377.00,385.90,394.50,402.90,411.60,420.10,427.90,435.50,444.00,452.50,461.00,465.27,471.44,477.69,483.10,489.09,494.60,501.50,508.20,514.70,521.30,525.87,613.70,627.00,633.80,648.00,657.90,663.70,669.30,674.30,679.50,683.90,687.10,689.70,693.50,696.80,697.20,696.68,698.80,699.91,701.81,703.06,703.80,705.70,708.10,709.80,711.50,714.56
"Ninh  Thuan",466.50,476.60,487.10,497.70,507.40,516.70,525.80,532.50,538.20,543.50,547.90,551.40,555.80,560.70,565.80,566.87,567.85,571.31,573.28,575.42,578.30,581.50,585.40,588.90,591.00,593.64,103.10,106.50,112.00,115.70,120.40,126.90,134.80,146.70,150.30,158.50,166.80,175.20,184.30,202.60,204.10,204.28,204.46,205.52,206.05,206.64,207.50,208.40,209.60,210.70,211.30,209.60,363.40,370.10,375.10,382.00,387.00,389.80,391.00,385.80,387.90,385.00,381.10,376.20,371.50,358.10,361.70,362.59,363.40,365.79,367.23,368.79,370.80,373.10,375.70,378.10,379.70,384.05
"Binh Thuan",951.70,976.20,1001.10,1027.00,1050.90,1063.90,1078.00,1093.40,1108.60,1122.20,1133.30,1142.10,1151.90,1162.00,1169.40,1174.71,1180.68,1189.59,1194.66,1197.26,1205.40,1213.60,1220.50,1227.30,1232.30,1239.26,221.30,226.00,235.10,240.00,246.90,332.00,345.20,359.30,373.90,388.40,402.60,416.30,430.90,446.10,459.50,460.10,461.00,463.03,463.56,464.12,464.80,466.50,467.70,468.80,469.30,472.14,730.40,750.20,766.00,787.00,804.00,731.90,732.80,734.10,734.70,733.80,730.70,725.80,721.00,715.90,709.90,714.61,719.68,726.56,731.11,733.14,740.60,747.10,752.80,758.40,763.00,767.12
"Central Highlands",3384.80,3563.00,3743.10,3922.20,4096.10,4246.40,4367.50,4465.30,4561.20,4664.20,4768.20,4860.90,4948.00,5036.70,5128.80,5206.33,5278.04,5358.01,5438.74,5509.20,5584.30,5657.10,5725.50,5796.40,5861.30,5932.11,820.50,877.80,963.30,1037.70,1098.30,1140.40,1180.50,1215.80,1239.70,1267.80,1305.10,1332.90,1364.90,1389.90,1449.90,1474.46,1497.87,1522.34,1546.75,1574.47,1596.20,1617.10,1638.20,1661.00,1681.70,1707.32,2564.30,2685.20,2779.80,2884.50,2997.80,3106.00,3187.00,3249.50,3321.50,3396.40,3463.10,3528.00,3583.10,3646.80,3678.90,3731.87,3780.17,3835.67,3891.99,3934.73,3988.10,4039.90,4087.30,4135.40,4179.60,4224.79
"Kon Tum",279.50,288.30,297.30,306.70,316.60,328.10,339.00,350.20,361.50,373.70,386.00,396.60,408.10,420.50,431.80,442.11,451.61,462.71,473.25,484.22,495.90,507.80,520.10,532.40,543.40,555.64,63.50,69.80,86.10,93.80,103.40,105.10,109.30,113.60,117.90,122.70,127.40,131.70,136.40,141.40,144.70,147.48,149.94,152.90,155.65,158.50,161.60,164.70,167.80,171.00,173.70,181.94,216.00,218.50,211.20,212.90,213.20,223.00,229.70,236.60,243.60,251.00,258.60,264.90,271.70,279.10,287.10,294.63,301.67,309.81,317.60,325.71,334.30,343.10,352.20,361.40,369.70,373.71
"Gia Lai",850.70,881.50,912.80,946.10,981.50,1026.30,1065.60,1092.90,1119.10,1147.10,1174.60,1200.50,1225.50,1251.30,1281.00,1308.85,1336.10,1359.97,1382.97,1403.13,1426.40,1447.20,1468.90,1495.70,1520.20,1541.83,191.80,202.00,219.90,231.30,246.10,262.00,275.50,286.00,296.60,307.80,319.10,330.20,341.30,352.90,366.00,374.41,382.73,390.10,397.25,403.59,410.80,417.40,424.30,432.60,440.30,447.21,658.90,679.50,692.90,714.80,735.40,764.30,790.10,806.90,822.50,839.30,855.50,870.30,884.20,898.40,915.00,934.44,953.37,969.86,985.73,999.54,1015.60,1029.70,1044.70,1063.10,1079.90,1094.62
"Dak Lak",1398.30,1501.80,1605.10,1703.10,1793.40,1860.90,1912.20,1954.50,1995.60,1635.60,1658.50,1677.80,1696.60,1715.10,1735.70,1748.56,1760.42,1777.26,1794.56,1805.83,1820.10,1836.40,1850.30,1861.50,1872.60,1886.94,257.60,266.80,298.60,340.50,359.20,375.80,391.50,406.30,409.40,363.30,367.20,371.80,376.60,378.50,416.40,420.76,424.92,430.31,435.84,439.93,444.80,450.10,454.90,459.10,463.30,466.48,1140.70,1235.00,1306.50,1362.60,1434.20,1485.10,1520.70,1548.20,1586.20,1272.30,1291.30,1306.00,1320.00,1336.60,1319.30,1327.80,1335.50,1346.95,1358.72,1365.90,1375.40,1386.30,1395.40,1402.40,1409.30,1420.46
"Dak Nong",..,..,..,..,..,..,..,..,..,403.40,423.60,440.90,457.30,474.40,491.00,503.32,512.67,529.37,548.10,564.96,580.50,594.40,604.90,615.40,625.80,637.91,..,..,..,..,..,..,..,..,..,51.70,61.80,63.00,69.40,71.10,72.40,74.46,76.09,78.83,81.90,85.16,87.60,89.50,91.60,93.70,95.40,97.49,..,..,..,..,..,..,..,..,..,351.70,361.80,377.90,387.90,403.30,418.60,428.87,436.58,450.54,466.20,479.80,492.90,504.90,513.30,521.70,530.40,540.42
"Lam Dong",856.30,891.40,927.90,966.30,1004.60,1031.10,1050.70,1067.70,1085.00,1104.40,1125.50,1145.10,1160.50,1175.40,1189.30,1203.49,1217.24,1228.71,1239.86,1251.07,1261.40,1271.30,1281.30,1291.40,1299.30,1309.79,307.60,339.20,358.70,372.10,389.60,397.50,404.20,409.90,415.80,422.30,429.60,436.20,441.20,446.00,450.40,457.35,464.19,470.20,476.12,487.29,491.40,495.40,499.60,504.60,509.00,514.21,548.70,552.20,569.20,594.20,615.00,633.60,646.50,657.80,669.20,682.10,695.90,708.90,719.30,729.40,738.90,746.14,753.05,758.51,763.74,763.78,769.90,775.90,781.70,786.80,790.30,795.59
"South East",9276.30,9494.50,9715.40,9954.10,10218.80,10604.50,10955.60,11282.10,11629.90,11990.70,12380.60,12822.80,13266.40,13683.60,14149.00,14578.89,15005.55,15371.24,15730.65,16093.51,16448.50,16789.20,17132.60,17527.40,17930.30,18342.89,4548.90,4692.00,5284.00,5424.10,5667.00,5834.50,6001.60,6143.40,6322.10,6605.70,6923.10,7263.00,7553.20,7826.20,8114.00,8390.35,9151.84,9367.60,9583.53,10067.13,10279.60,10473.40,10679.90,11018.90,11617.60,12272.67,4727.40,4802.50,4431.40,4530.00,4551.80,4770.00,4954.00,5138.70,5307.80,5385.00,5457.50,5559.80,5713.20,5857.40,6035.00,6188.54,5853.71,6003.63,6147.12,6026.38,6168.90,6315.90,6452.70,6508.50,6312.70,6070.22
"Binh Phuoc",533.20,551.40,572.60,608.10,652.30,682.90,707.90,732.60,754.60,777.40,799.60,819.00,838.30,858.00,875.00,885.13,899.57,911.35,923.49,934.37,947.20,962.70,972.60,984.90,997.80,1011.08,80.90,84.10,88.60,92.10,103.60,106.00,111.00,116.00,121.00,125.00,129.80,134.10,138.40,142.80,146.80,153.90,162.04,170.08,178.55,187.16,196.60,207.00,216.60,227.30,238.50,243.05,452.30,467.30,484.00,516.00,548.70,576.90,596.90,616.60,633.60,652.40,669.80,684.90,699.90,715.20,728.20,731.23,737.52,741.27,744.94,747.20,750.60,755.70,755.90,757.60,759.20,768.03
"Tay Ninh",910.00,924.10,938.80,953.70,968.00,983.30,996.50,1007.20,1017.90,1029.20,1038.20,1046.40,1053.00,1060.50,1067.20,1076.49,1090.06,1103.41,1111.40,1120.73,1129.90,1139.60,1151.10,1160.70,1171.70,1178.33,107.10,110.80,116.70,120.70,126.00,136.00,140.00,143.00,147.00,151.00,154.50,158.00,161.40,165.00,166.30,170.00,174.43,178.90,182.58,206.55,206.90,207.20,207.50,207.80,208.30,381.11,802.90,813.30,822.10,833.00,842.00,847.30,856.50,864.20,870.90,878.20,883.70,888.40,891.60,895.50,900.90,906.48,915.63,924.51,928.81,914.18,923.00,932.50,943.60,952.90,963.40,797.22
"Binh  Duong",639.00,658.50,679.00,700.10,720.80,779.40,845.50,910.00,973.10,1037.10,1109.30,1203.70,1307.00,1402.70,1512.50,1618.13,1699.93,1789.71,1873.48,1977.84,2069.20,2138.80,2227.20,2345.20,2456.30,2580.55,111.90,129.40,188.00,211.50,241.00,236.00,256.00,275.00,293.00,312.00,333.80,361.70,392.30,420.50,453.00,535.92,1096.63,1152.93,1205.02,1522.34,1587.50,1632.30,1696.90,1875.70,1961.90,2178.17,527.10,529.10,491.00,488.60,479.80,543.40,589.50,635.00,680.10,725.10,775.50,842.00,914.70,982.20,1059.50,1082.20,603.31,636.78,668.46,455.50,481.70,506.50,530.30,469.50,494.50,402.38
"Dong Nai",1844.80,1882.20,1920.00,1959.30,1999.50,2054.10,2093.70,2132.10,2176.10,2220.50,2263.80,2314.90,2372.60,2432.70,2499.70,2577.79,2661.78,2719.05,2771.42,2831.29,2890.00,2951.40,3004.90,3055.10,3113.70,3177.40,536.40,547.90,577.00,593.90,613.70,628.00,646.00,664.00,684.00,704.00,724.80,748.20,774.00,801.10,829.30,854.55,881.69,899.94,916.54,935.60,954.20,973.70,990.60,1006.30,1371.80,1406.73,1308.40,1334.30,1343.00,1365.40,1385.80,1426.10,1447.70,1468.10,1492.10,1516.50,1539.00,1566.70,1598.60,1631.60,1670.40,1723.25,1780.09,1819.11,1854.88,1895.69,1935.80,1977.60,2014.30,2048.70,1742.00,1770.67
"Ba Ria - Vung Tau",708.90,730.40,752.70,775.60,805.10,829.90,858.00,880.80,899.10,918.90,938.80,955.70,970.20,983.60,998.50,1019.57,1040.80,1057.84,1076.85,1093.37,1104.30,1117.60,1127.20,1138.30,1152.20,1167.94,246.50,271.90,284.90,295.10,337.80,353.00,371.00,388.00,403.00,419.00,435.70,451.30,466.30,481.00,497.80,516.61,535.99,553.68,572.85,591.15,606.80,624.20,639.80,656.70,675.60,672.31,462.40,458.50,467.80,480.50,467.30,476.90,487.00,492.80,496.10,499.90,503.10,504.40,503.90,502.60,500.70,502.96,504.81,504.17,504.01,502.23,497.50,493.40,487.40,481.60,476.60,495.63
"Ho Chi Minh city",4640.40,4747.90,4852.30,4957.30,5073.10,5274.90,5454.00,5619.40,5809.10,6007.60,6230.90,6483.10,6725.30,6946.10,7196.10,7401.78,7613.43,7789.87,7974.02,8135.91,8307.90,8479.10,8649.60,8843.20,9038.60,9227.60,3466.10,3547.90,4028.80,4110.80,4244.90,4375.50,4477.60,4557.40,4674.10,4894.70,5144.50,5409.70,5620.80,5815.80,6020.80,6159.37,6301.07,6412.07,6527.99,6624.34,6727.60,6829.00,6928.50,7045.10,7161.50,7391.30,1174.30,1200.00,823.50,846.50,828.20,899.40,976.40,1062.00,1135.00,1112.90,1086.40,1073.40,1104.50,1130.30,1175.30,1242.41,1312.36,1377.80,1446.03,1511.58,1580.30,1650.20,1721.20,1798.20,1877.00,1836.29
"Mekong River Delta",15531.90,15693.50,15858.80,16023.50,16184.20,16296.60,16420.30,16533.20,16639.70,16754.10,16859.30,16946.90,17042.00,17129.50,17199.90,17208.41,17217.72,17252.60,17269.94,17269.81,17266.70,17271.60,17279.50,17280.70,17282.50,17318.55,2436.50,2488.50,2613.80,2693.70,2775.40,2853.20,2962.00,3027.20,3297.30,3372.60,3443.10,3520.80,3590.80,3689.10,3942.80,4004.09,4090.05,4128.00,4161.11,4201.18,4224.90,4252.00,4279.90,4307.30,4357.70,4479.21,13095.40,13205.00,13245.00,13329.80,13408.80,13443.40,13458.30,13506.00,13342.40,13381.50,13416.20,13426.10,13451.20,13440.40,13257.10,13204.32,13127.66,13124.60,13108.83,13068.63,13041.90,13019.60,12999.70,12973.40,12924.80,12839.34
"Long An",1250.80,1265.10,1279.90,1294.80,1311.10,1327.10,1343.10,1356.50,1369.00,1382.20,1393.40,1405.20,1417.90,1428.20,1436.30,1469.24,1504.08,1549.76,1587.85,1611.70,1626.20,1645.20,1662.30,1678.90,1695.10,1713.66,179.10,185.10,194.70,208.60,217.50,217.10,221.40,225.20,229.00,233.00,236.60,240.40,244.40,248.00,251.30,254.88,258.73,264.35,268.57,270.31,270.50,271.30,271.80,272.20,272.50,312.52,1071.70,1080.00,1085.20,1086.20,1093.60,1110.00,1121.70,1131.30,1140.00,1149.20,1156.80,1164.80,1173.50,1180.20,1185.00,1214.36,1245.35,1285.41,1319.28,1341.39,1355.80,1373.90,1390.50,1406.70,1422.60,1401.13
"Tien Giang",1581.50,1587.40,1593.60,1600.00,1608.40,1613.50,1620.10,1626.70,1634.00,1642.70,1650.10,1655.30,1661.60,1668.00,1672.80,1677.99,1682.60,1692.46,1705.77,1716.09,1728.70,1740.10,1751.80,1759.10,1766.30,1772.54,200.90,202.80,208.50,210.40,214.70,211.70,213.70,215.70,217.80,220.20,222.30,224.20,226.30,228.40,229.00,229.88,230.52,231.87,233.69,240.25,242.00,243.60,245.30,246.30,247.30,248.51,1380.60,1384.60,1385.10,1389.60,1393.70,1401.80,1406.40,1411.00,1416.20,1422.50,1427.80,1431.10,1435.30,1439.60,1443.80,1448.10,1452.09,1460.59,1472.08,1475.83,1486.70,1496.50,1506.60,1512.80,1519.00,1524.03
"Ben Tre",1281.80,1286.80,1291.40,1294.70,1299.10,1297.90,1294.90,1289.00,1282.80,1277.60,1273.20,1269.30,1264.80,1259.60,1256.10,1259.39,1262.66,1266.73,1269.72,1272.51,1275.80,1278.60,1282.40,1286.00,1289.10,1292.40,97.20,101.20,106.40,107.50,115.70,110.30,112.00,113.60,115.20,116.80,118.60,120.40,122.20,124.00,125.70,125.72,125.79,125.94,125.98,126.01,126.10,126.10,126.20,126.30,126.40,126.66,1184.60,1185.60,1185.00,1187.20,1183.40,1187.60,1182.90,1175.40,1167.60,1160.80,1154.60,1148.90,1142.60,1135.60,1130.40,1133.67,1136.87,1140.79,1143.73,1146.50,1149.70,1152.50,1156.20,1159.70,1162.70,1165.74
"Tra Vinh",934.90,942.60,950.80,959.20,969.10,972.00,975.30,979.20,982.50,986.30,990.20,993.70,997.20,1000.80,1003.20,1003.78,1004.35,1005.12,1005.62,1006.24,1006.90,1007.60,1008.10,1008.80,1009.30,1009.94,92.80,99.80,109.30,117.50,125.80,126.60,129.40,132.30,135.20,138.20,141.20,144.30,147.50,150.70,153.70,155.65,157.59,159.59,162.10,164.95,166.50,168.40,169.80,172.00,174.10,175.83,842.10,842.80,841.50,841.70,843.30,845.40,845.90,846.90,847.30,848.10,849.00,849.40,849.70,850.10,849.50,848.13,846.76,845.53,843.53,841.29,840.30,839.20,838.30,836.80,835.20,834.11
"Vinh Long",990.40,995.60,1001.00,1006.40,1012.30,1013.40,1014.60,1015.90,1017.40,1018.80,1020.20,1021.60,1022.80,1024.00,1025.10,1025.61,1024.85,1022.60,1023.84,1023.75,1023.20,1022.80,1022.60,1022.70,1022.60,1022.97,133.00,135.30,140.10,142.40,146.30,145.30,146.60,148.10,149.50,150.80,152.30,153.70,155.20,156.50,156.90,156.98,157.00,157.03,168.30,168.54,168.80,169.10,169.40,169.70,169.80,232.07,857.40,860.30,860.90,864.00,866.00,868.10,868.00,867.80,867.90,868.00,867.90,867.90,867.60,867.50,868.20,868.62,867.85,865.57,855.55,855.21,854.40,853.80,853.20,853.00,852.80,790.90
"Dong Thap",1489.30,1510.40,1532.50,1556.50,1568.20,1580.60,1592.20,1603.50,1614.30,1626.60,1639.50,1646.80,1654.50,1662.50,1666.60,1660.41,1653.23,1646.17,1639.21,1632.37,1625.60,1619.00,1612.50,1606.10,1598.80,1600.01,194.80,201.60,212.40,219.70,229.40,231.00,237.00,243.10,249.30,255.80,262.60,268.70,274.90,281.40,296.00,295.82,295.16,294.52,293.89,293.29,292.70,292.10,291.60,292.30,304.70,304.87,1294.50,1308.80,1320.10,1336.80,1338.80,1349.60,1355.20,1360.40,1365.00,1370.80,1376.90,1378.10,1379.60,1381.10,1370.60,1364.60,1358.08,1351.65,1345.32,1339.09,1333.00,1326.90,1320.90,1313.80,1294.10,1295.15
"An Giang",1970.10,1990.70,2011.10,2032.50,2055.40,2061.70,2073.80,2085.60,2096.30,2107.40,2118.10,2125.80,2134.30,2142.60,2147.60,2122.44,2097.54,2077.94,2051.62,2024.59,2000.90,1976.40,1954.20,1931.00,1907.40,1904.53,368.00,370.90,395.10,398.00,405.30,457.50,472.90,488.80,504.90,521.70,538.90,555.80,573.50,591.70,609.70,609.16,608.65,609.60,608.51,607.11,606.60,605.80,605.60,605.00,602.60,601.64,1602.10,1619.80,1616.00,1634.50,1650.10,1604.20,1600.90,1596.80,1591.40,1585.70,1579.20,1570.00,1560.80,1550.90,1537.90,1513.28,1488.90,1468.34,1443.11,1417.48,1394.20,1370.60,1348.60,1326.00,1304.80,1302.89
"Kien  Giang",1392.00,1422.30,1452.90,1480.30,1504.20,1522.70,1540.90,1559.60,1578.90,1599.10,1619.80,1637.80,1654.90,1672.30,1688.50,1690.74,1694.45,1698.15,1701.11,1703.40,1705.40,1708.70,1712.90,1718.10,1723.70,1728.87,284.80,289.20,310.50,326.10,330.00,341.70,352.80,364.40,376.30,388.90,401.90,414.60,427.50,440.70,454.00,457.04,460.48,463.95,467.23,470.35,473.40,476.90,480.60,484.60,488.80,491.75,1107.20,1133.10,1142.40,1154.20,1174.20,1181.00,1188.10,1195.20,1202.60,1210.20,1217.90,1223.20,1227.40,1231.60,1234.50,1233.70,1233.97,1234.20,1233.88,1233.05,1232.00,1231.80,1232.30,1233.50,1234.90,1237.11
"Can Tho",1739.70,1758.80,1778.00,1796.40,1816.80,1830.70,1845.70,1859.90,1873.50,1138.10,1149.00,1160.50,1172.00,1180.90,1188.60,1192.30,1195.93,1200.93,1203.23,1205.72,1208.50,1214.60,1222.40,1227.70,1236.00,1240.73,344.00,349.90,362.50,378.00,387.30,399.80,449.80,456.40,667.70,567.30,573.80,584.90,590.60,615.50,783.20,790.17,797.12,805.03,811.19,817.53,824.10,833.00,842.70,850.60,861.30,868.84,1395.70,1408.90,1415.50,1418.40,1429.50,1430.90,1395.90,1403.50,1205.80,570.80,575.20,575.60,581.40,565.40,405.40,402.13,398.82,395.90,392.04,388.19,384.40,381.60,379.80,377.10,374.70,371.89
"Hau Giang",..,..,..,..,..,..,..,..,..,749.80,751.50,752.80,754.70,756.30,758.00,755.34,752.73,750.73,747.88,744.95,742.40,740.10,737.30,734.90,732.20,729.78,..,..,..,..,..,..,..,..,..,114.30,117.20,124.70,127.20,138.40,149.70,153.04,156.50,160.16,163.72,167.33,171.10,175.00,178.90,183.00,197.70,204.05,..,..,..,..,..,..,..,..,..,635.50,634.30,628.10,627.50,617.90,608.30,602.30,596.23,590.57,584.17,577.62,571.30,565.00,558.30,551.90,534.40,525.73
"Soc Trang",1150.10,1155.90,1162.30,1168.80,1177.90,1193.40,1210.30,1224.60,1237.40,1249.80,1258.60,1265.60,1276.30,1285.10,1293.20,1283.51,1273.93,1266.42,1254.98,1245.61,1236.30,1227.60,1218.30,1208.80,1199.50,1195.74,194.70,197.40,203.80,206.50,211.80,214.70,219.70,224.20,228.60,233.00,236.70,240.20,244.40,248.30,250.60,288.79,351.60,360.93,358.92,372.44,375.80,379.30,382.50,385.50,388.50,386.61,955.40,958.50,958.50,962.30,966.10,978.70,990.60,1000.40,1008.80,1016.80,1021.90,1025.40,1031.90,1036.80,1042.60,994.72,922.32,905.49,896.05,873.17,860.50,848.30,835.80,823.30,811.00,809.13
"Bac Lieu",709.50,716.30,724.20,732.10,738.20,749.70,764.20,777.40,789.10,801.30,812.80,823.80,835.80,847.50,856.80,861.84,866.87,872.14,877.04,882.16,887.30,892.80,897.70,903.00,908.20,913.48,171.30,172.60,177.20,178.40,181.10,184.70,189.60,194.30,198.70,203.30,207.80,212.20,216.80,221.50,225.60,228.17,230.73,233.37,235.94,238.59,241.30,244.10,246.70,249.50,252.30,254.74,538.20,543.70,547.00,553.70,557.10,565.00,574.60,583.10,590.40,598.00,605.00,611.60,619.00,626.00,631.20,633.67,636.14,638.77,641.10,643.57,646.00,648.70,651.00,653.50,656.00,658.74
"Ca Mau",1041.80,1061.60,1081.10,1101.80,1123.50,1133.90,1145.20,1155.30,1164.50,1174.40,1182.90,1188.70,1195.20,1201.70,1207.10,1205.84,1204.50,1203.46,1202.07,1200.74,1199.50,1198.10,1197.00,1195.60,1194.30,1193.89,175.90,182.70,193.30,200.60,210.50,212.80,217.10,221.10,225.10,229.30,233.20,236.70,240.30,244.00,257.40,258.80,260.20,261.66,263.06,264.48,266.00,267.30,268.80,270.30,271.70,271.11,865.90,878.90,887.80,901.20,913.00,921.10,928.10,934.20,939.40,945.10,949.70,952.00,954.90,957.70,949.70,947.04,944.30,941.80,939.01,936.25,933.60,930.80,928.20,925.30,922.60,922.78
 